Algorithm,,,,,
,,f_best,f_worst,f_ave,f_std
ESOA,,-30665.18896,-30062.49696,-30524.47712,136.7795737
PSO,,-30663.21135,-29194.42152,-29959.04964,399.3063815
GA,,-30347.35433,-28638.48333,-29440.23438,437.0557374
DE,,-30655.14151,-29421.63637,-30395.93485,273.0411217
GWO,,-30663.47493,-30503.84528,-30643.9799,27.38941651
HHO,,-30495.629,-28093.40301,-29229.05025,511.6730218
