Algorithm,,Best,Worst,Ave,Std
ESOA,,0.012742715,0.013023269,0.012854935,7.34E-05
PSO,,0.012719052,39721.55494,1324.065272,7130.234828
GA,,0.013088684,11658.44717,464.316616,2102.06007
DE,,0.012715188,0.026289534,0.015176155,0.002537334
GWO,,0.012694912,0.014352437,0.012892139,0.000307263
HHO,,0.012727452,0.016020999,0.014131707,0.001110916
